{
  "project_info": {
    "project_number": "1060035588448",
    "project_id": "trendycart-2f2f3",
    "storage_bucket": "trendycart-2f2f3.appspot.com"
  },
  "client": [
    {
      "client_info": {
        "mobilesdk_app_id": "1:1060035588448:android:af3f6b9f5f22a0b64dee05",
        "android_client_info": {
          "package_name": "com.trendycart"
        }
      },
      "oauth_client": [],
      "api_key": [
        {
          "current_key": "AIzaSyDz5hwt7pMUc7HPUOqDbcFn_xe3s6jQ8PI"
        }
      ],
      "services": {
        "appinvite_service": {
          "other_platform_oauth_client": []
        }
      }
    }
  ],
  "configuration_version": "1"
}